test_name,mean,stddev,min,max,rounds
test_workload_deletion_scan_seq_len_10,0.013811433904872198,0.006168611190581484,0.01156691699725343,0.056355374999839114,63
test_workload_deletion_scan_seq_len_30,0.013077768249672772,0.000532455790230332,0.01245862499854411,0.014410167001187801,32
test_workload_deletion_scan_seq_len_100,0.016360353196641433,0.0019746800245388687,0.015248790998157347,0.02992604199971538,61
test_workload_deletion_scan_seq_len_300,0.02335471220896241,0.0019259803665459827,0.02215395899838768,0.03476383399902261,43
test_workload_deletion_scan_seq_len_1000,0.050707704249725795,0.0011652264862436533,0.049150833998282906,0.05396925000241026,20
